fasta_ids	seqs	entropies
uspA	AGATCAGGTTGTTTTTTTTCCAGAAGGTTAACCACTATCAATATATTCATGTCGAAAATTTGTTTATCTAACGAGTAAGCAAGGCGGATTGACGGATCATCCGGGTCGCTATAAGGTAAGGATGGTCTTAACACTGAATCTTTACGGCTGGGTTAGCCCCGCGCACGTAGTTCGCAGGACGCGGGTGACGTAACGGCACAAGAAACGCTAGCTGGCCAGTCATCGACAACTTTATGGAAGGAGTAACACTATGGCTTATAAACACATTCTCATCGCGGTCGACCTCTCCCCGGAAAGCAAAGTTCTGGTAGAGAAAGCAGTCTCTATGGCTCGCCCCTACAATGCGAAAGTTTCTCTGATCCACGTAGATGTAAACTACTCTGACCTATACACCGGGCTTATTGATGTGAATCTGGGTGATATGCAGAAACGCATCTCTGAAGAGACACATCATGCACTGACCGAGCTTTCCACTAATGCAGGCTACCCAATCACTGAAACCCTGAGCGGCAGCGGCGACCTGGGCCAGGTTCTGGTCGATGCAATCAAGAAATACGATATGGATTTGGTGGTTTGTGGTCACCACCAGGACTTCTGGAGCAAACTGATGTCTTCCGCACGTCAGCTGATCAACACCGTTCACGTTGATATGCTGATTGTTCCGCTGCGCGACGAAGAAGAATAATCTTCCCTCTACGACGTGTTCCTGAACGCCCGCATATGCGGGCGTTTTGCTTTTTGGCGCGCCTTGTTACCTGATCAGCGTAAACACCTTATCTGGCCTACGGTCTGCGTACGCAATCAAAATCCCCAGCCAATACAACATTTAACACCATCATATTTTCCATCATTAGTGTGATCATCTGGTTATTTTCTGTTGTAATAGTGTATTAATCTATTCACCGCATCAATATTAAGAATCTCTGACAGATGTA	"[1.35937500e+00 1.37500000e+00 1.37500000e+00 1.35156250e+00
 1.39062500e+00 1.35937500e+00 1.36718750e+00 1.26562500e+00
 1.38281250e+00 1.36718750e+00 1.32031250e+00 1.37500000e+00
 1.35156250e+00 1.27343750e+00 1.28906250e+00 1.33593750e+00
 1.37500000e+00 1.35937500e+00 1.37500000e+00 1.36718750e+00
 1.27343750e+00 1.31250000e+00 1.34375000e+00 1.36718750e+00
 1.29687500e+00 1.35156250e+00 1.36718750e+00 1.37500000e+00
 1.38281250e+00 1.32812500e+00 1.22656250e+00 1.35156250e+00
 1.36718750e+00 1.23437500e+00 1.35937500e+00 1.32812500e+00
 1.07812500e+00 1.31250000e+00 1.32812500e+00 1.29687500e+00
 1.38281250e+00 1.32031250e+00 1.36718750e+00 1.33593750e+00
 1.35156250e+00 1.32812500e+00 1.30468750e+00 1.33593750e+00
 1.29687500e+00 1.32812500e+00 1.34375000e+00 1.35937500e+00
 1.31250000e+00 1.34375000e+00 1.37500000e+00 1.29687500e+00
 1.32812500e+00 1.30468750e+00 1.31250000e+00 1.36718750e+00
 1.30468750e+00 1.31250000e+00 1.35937500e+00 1.28125000e+00
 1.30468750e+00 1.29687500e+00 1.27343750e+00 1.32031250e+00
 1.35937500e+00 1.30468750e+00 1.21875000e+00 1.22656250e+00
 1.32031250e+00 1.36718750e+00 1.28125000e+00 1.35156250e+00
 1.31250000e+00 1.26562500e+00 1.24218750e+00 1.35937500e+00
 1.35156250e+00 1.29687500e+00 1.30468750e+00 1.36718750e+00
 1.35156250e+00 1.33593750e+00 1.36718750e+00 1.37500000e+00
 1.31250000e+00 1.32031250e+00 1.32812500e+00 1.36718750e+00
 1.32031250e+00 1.36718750e+00 1.36718750e+00 1.38281250e+00
 1.30468750e+00 1.34375000e+00 1.31250000e+00 1.30468750e+00
 1.32812500e+00 1.35937500e+00 1.36718750e+00 1.37500000e+00
 1.37500000e+00 1.35156250e+00 1.32812500e+00 1.31250000e+00
 1.35937500e+00 1.32031250e+00 1.33593750e+00 1.20312500e+00
 1.34375000e+00 1.34375000e+00 1.28125000e+00 1.37500000e+00
 1.35937500e+00 1.32812500e+00 1.31250000e+00 1.28125000e+00
 1.38281250e+00 1.37500000e+00 1.30468750e+00 1.29687500e+00
 1.38281250e+00 1.36718750e+00 1.32031250e+00 1.38281250e+00
 1.34375000e+00 1.32812500e+00 1.31250000e+00 1.29687500e+00
 1.37500000e+00 1.34375000e+00 1.35156250e+00 1.32031250e+00
 1.38281250e+00 1.31250000e+00 1.31250000e+00 1.35156250e+00
 1.35156250e+00 1.35937500e+00 1.23437500e+00 1.33593750e+00
 1.28125000e+00 1.33593750e+00 1.36718750e+00 1.36718750e+00
 1.36718750e+00 1.35156250e+00 1.35156250e+00 1.35937500e+00
 1.36718750e+00 1.32031250e+00 1.32031250e+00 1.31250000e+00
 1.38281250e+00 1.38281250e+00 1.36718750e+00 1.39062500e+00
 1.38281250e+00 1.35156250e+00 1.34375000e+00 1.39062500e+00
 1.37500000e+00 1.34375000e+00 1.37500000e+00 1.35156250e+00
 1.35937500e+00 1.35156250e+00 1.37500000e+00 1.37500000e+00
 1.35937500e+00 1.37500000e+00 1.37500000e+00 1.36718750e+00
 1.37500000e+00 1.37500000e+00 1.37500000e+00 1.36718750e+00
 1.37500000e+00 1.37500000e+00 1.39062500e+00 1.35937500e+00
 1.37500000e+00 1.37500000e+00 1.22656250e+00 1.37500000e+00
 1.37500000e+00 1.36718750e+00 1.36718750e+00 1.37500000e+00
 1.37500000e+00 1.35937500e+00 1.36718750e+00 1.37500000e+00
 1.38281250e+00 1.38281250e+00 1.36718750e+00 1.37500000e+00
 1.37500000e+00 1.37500000e+00 1.35937500e+00 1.38281250e+00
 1.36718750e+00 1.34375000e+00 1.35937500e+00 1.35937500e+00
 1.37500000e+00 1.36718750e+00 1.35156250e+00 1.37500000e+00
 1.36718750e+00 1.36718750e+00 1.38281250e+00 1.37500000e+00
 1.37500000e+00 1.35937500e+00 1.37500000e+00 1.35937500e+00
 1.37500000e+00 1.37500000e+00 1.36718750e+00 1.36718750e+00
 1.37500000e+00 1.37500000e+00 1.39062500e+00 1.39062500e+00
 1.37500000e+00 1.38281250e+00 1.37500000e+00 1.37500000e+00
 1.37500000e+00 1.37500000e+00 1.37500000e+00 1.36718750e+00
 1.37500000e+00 1.35156250e+00 1.33593750e+00 1.35937500e+00
 1.36718750e+00 1.31250000e+00 1.29687500e+00 1.35156250e+00
 1.37500000e+00 1.35937500e+00 1.37500000e+00 1.36718750e+00
 1.33593750e+00 1.32812500e+00 1.20312500e+00 6.05468750e-01
 2.55859375e-01 1.30468750e+00 1.18750000e+00 1.26562500e+00
 1.32812500e+00 1.29687500e+00 7.22656250e-01 1.35156250e+00
 1.28906250e+00 1.29687500e+00 1.30468750e+00 1.33593750e+00
 1.26562500e+00 8.16406250e-01 2.53906250e-01 9.84375000e-01
 1.09375000e+00 5.15625000e-01 1.28906250e+00 1.08593750e+00
 6.32812500e-01 1.21875000e+00 6.25000000e-01 3.39843750e-01
 1.35156250e+00 8.35937500e-01 2.67578125e-01 1.35937500e+00
 8.83789062e-02 7.17773438e-02 7.69531250e-01 1.05468750e+00
 1.00585938e-01 1.26562500e+00 4.16015625e-01 2.74658203e-02
 1.29687500e+00 1.00781250e+00 2.94921875e-01 1.24218750e+00
 8.44726562e-02 5.37109375e-02 7.22656250e-01 6.44531250e-01
 8.39843750e-02 5.35156250e-01 9.96093750e-01 4.62890625e-01
 8.71093750e-01 1.27343750e+00 4.23828125e-01 1.27343750e+00
 1.08593750e+00 1.03759766e-02 9.17968750e-01 4.47265625e-01
 5.00000000e-01 1.34375000e+00 3.49609375e-01 1.81640625e-01
 1.35156250e+00 2.35351562e-01 2.21679688e-01 6.95312500e-01
 1.58203125e-01 9.86328125e-02 1.21875000e+00 2.79296875e-01
 3.24218750e-01 1.36718750e+00 3.98437500e-01 8.39843750e-02
 1.35937500e+00 1.01562500e+00 5.37109375e-02 2.40234375e-01
 5.59082031e-02 3.63769531e-02 1.09375000e+00 6.52343750e-01
 1.99218750e-01 1.33593750e+00 4.04296875e-01 1.85546875e-01
 1.17187500e+00 8.64257812e-02 1.53320312e-01 6.36718750e-01
 7.77343750e-01 1.62109375e-01 7.50000000e-01 2.15820312e-01
 2.39257812e-02 1.24218750e+00 9.17968750e-02 1.21093750e-01
 6.25000000e-01 4.84375000e-01 1.02539062e-02 1.22656250e+00
 3.93066406e-02 1.00097656e-02 1.29687500e+00 7.69531250e-01
 3.38745117e-03 5.62500000e-01 2.57812500e-01 6.89697266e-03
 8.24218750e-01 3.80859375e-02 3.12805176e-03 6.95312500e-01
 6.64062500e-02 8.23974609e-03 1.29687500e+00 3.41796875e-02
 2.86865234e-02 6.75781250e-01 4.27246094e-02 8.72802734e-03
 1.36718750e+00 2.08740234e-02 2.09960938e-02 6.13281250e-01
 2.08740234e-02 4.56542969e-02 5.85937500e-01 1.57226562e-01
 6.98852539e-03 1.24218750e+00 6.50024414e-03 4.02832031e-03
 6.95312500e-01 1.68945312e-01 3.38745117e-03 1.10937500e+00
 8.30078125e-03 8.66699219e-03 6.09375000e-01 3.10058594e-02
 1.67236328e-02 9.37500000e-01 4.36401367e-03 2.57873535e-03
 1.21093750e+00 4.84375000e-01 3.87573242e-03 1.06250000e+00
 1.10473633e-02 3.78417969e-03 7.18750000e-01 7.44628906e-03
 2.77709961e-03 7.10937500e-01 4.41894531e-02 1.04980469e-02
 1.34375000e+00 4.27246094e-02 1.26342773e-02 6.99218750e-01
 3.14453125e-01 1.42822266e-02 1.13281250e+00 1.13769531e-01
 2.58789062e-02 1.07812500e+00 1.21459961e-02 1.32446289e-02
 7.50000000e-01 3.02734375e-02 5.00488281e-03 1.55639648e-02
 1.57470703e-02 4.33349609e-03 6.95312500e-01 6.75781250e-01
 1.58203125e-01 1.01562500e+00 1.06933594e-01 4.73632812e-02
 9.64843750e-01 4.02832031e-02 1.70898438e-03 8.00781250e-01
 3.49609375e-01 1.07421875e-02 1.03906250e+00 6.34765625e-02
 3.17382812e-02 5.70312500e-01 5.70678711e-03 5.58471680e-03
 7.07031250e-01 6.00585938e-02 6.62231445e-03 1.21875000e+00
 1.73828125e-01 1.33789062e-01 9.14062500e-01 8.35937500e-01
 1.25976562e-01 1.15625000e+00 8.75000000e-01 9.81445312e-02
 1.13281250e+00 6.13281250e-01 3.23486328e-03 8.16406250e-01
 6.40625000e-01 1.23437500e+00 1.21875000e+00 7.30468750e-01
 6.17187500e-01 1.04687500e+00 4.58984375e-01 7.35473633e-03
 1.14062500e+00 1.30859375e-01 1.36108398e-02 1.20312500e+00
 8.32031250e-01 8.82812500e-01 1.06250000e+00 8.51562500e-01
 2.92968750e-01 7.22656250e-01 1.25122070e-02 2.72216797e-02
 1.38281250e+00 2.09960938e-02 8.25195312e-02 9.96093750e-01
 1.15356445e-02 1.39160156e-02 6.56250000e-01 1.02050781e-01
 2.72216797e-02 1.26562500e+00 6.15234375e-02 4.33349609e-03
 8.98437500e-01 7.22656250e-01 4.00390625e-01 1.15625000e+00
 1.05590820e-02 4.18090820e-03 4.72656250e-01 1.89208984e-02
 4.46777344e-02 1.17187500e+00 6.48437500e-01 4.51660156e-03
 5.27343750e-01 3.02734375e-02 1.54418945e-02 4.94140625e-01
 1.01318359e-02 1.28784180e-02 9.68750000e-01 2.06298828e-02
 1.09252930e-02 6.01562500e-01 4.82177734e-03 3.29589844e-03
 9.17968750e-01 6.40869141e-03 3.37219238e-03 6.40625000e-01
 3.49609375e-01 1.89208984e-03 8.32031250e-01 1.83593750e-01
 6.15234375e-02 1.02343750e+00 3.17382812e-02 5.00488281e-03
 3.49609375e-01 2.79541016e-02 6.19506836e-03 1.17968750e+00
 2.40234375e-01 2.39562988e-03 5.54687500e-01 8.69140625e-02
 2.16064453e-02 1.23437500e+00 1.13525391e-02 8.17871094e-03
 8.00781250e-01 3.80859375e-02 2.13623047e-02 1.29687500e+00
 5.20019531e-02 5.49316406e-03 7.89062500e-01 1.44531250e-01
 1.25000000e-01 6.79687500e-01 3.54003906e-02 3.24707031e-02
 4.02343750e-01 7.76367188e-02 3.75976562e-02 6.87500000e-01
 4.12597656e-02 5.32226562e-02 8.43750000e-01 5.89843750e-01
 1.07421875e-02 1.04687500e+00 7.23266602e-03 4.57763672e-03
 7.10937500e-01 4.64843750e-01 5.00488281e-03 5.66406250e-01
 5.71289062e-02 3.84521484e-03 1.24218750e+00 3.84765625e-01
 4.39453125e-03 1.25781250e+00 1.22680664e-02 2.19726562e-03
 6.25000000e-01 1.46484375e-03 1.28936768e-03 9.06250000e-01
 5.58471680e-03 2.02941895e-03 6.75781250e-01 7.99560547e-03
 4.79125977e-03 6.75781250e-01 9.09423828e-03 5.52368164e-03
 2.89062500e-01 7.87353516e-03 1.72424316e-03 6.09375000e-01
 1.39617920e-03 2.33459473e-03 1.23046875e-01 2.39562988e-03
 1.49536133e-03 1.60217285e-03 1.01318359e-02 5.92041016e-03
 1.98242188e-01 6.25610352e-03 6.31713867e-03 6.95312500e-01
 5.03906250e-01 7.09533691e-04 3.94531250e-01 8.85009766e-03
 2.36511230e-03 2.85339355e-03 1.05590820e-02 1.34277344e-03
 9.10156250e-01 2.35595703e-02 2.56347656e-03 1.16406250e+00
 1.23901367e-02 3.47900391e-03 1.35156250e+00 3.93066406e-02
 1.82342529e-03 7.38281250e-01 7.81250000e-03 1.04522705e-03
 3.82812500e-01 4.08203125e-01 1.22833252e-03 6.40625000e-01
 3.03955078e-02 3.29589844e-03 6.64062500e-01 9.82666016e-03
 2.25830078e-02 5.93750000e-01 2.20947266e-02 2.84423828e-02
 1.03125000e+00 1.04003906e-01 7.75146484e-03 1.25000000e+00
 7.32421875e-03 3.89099121e-03 6.67968750e-01 5.50781250e-01
 3.38745117e-03 1.09375000e+00 1.42669678e-03 1.26647949e-03
 5.85937500e-01 1.37939453e-02 2.62451172e-03 7.38525391e-03
 6.05468750e-01 6.67572021e-04 2.96875000e-01 2.47802734e-02
 9.00268555e-04 4.06250000e-01 4.91333008e-03 1.86157227e-03
 1.00781250e+00 3.90625000e-03 1.72424316e-03 9.25781250e-01
 2.42187500e-01 1.80053711e-03 3.00781250e-01 1.59179688e-01
 1.27929688e-01 7.77343750e-01 2.14843750e-02 6.92749023e-03
 5.74218750e-01 5.71289062e-02 1.80664062e-02 7.69531250e-01
 1.44531250e-01 2.56347656e-02 5.85937500e-01 3.86718750e-01
 2.27050781e-02 1.29687500e+00 3.02734375e-01 8.83789062e-02
 1.66992188e-01 1.23437500e+00 1.09375000e+00 1.37500000e+00
 1.17187500e+00 8.32031250e-01 1.30468750e+00 1.31250000e+00
 1.27343750e+00 1.24218750e+00 1.37500000e+00 1.28125000e+00
 1.25000000e+00 1.35156250e+00 1.25781250e+00 1.33593750e+00
 1.28906250e+00 1.31250000e+00 1.28906250e+00 1.22656250e+00
 1.31250000e+00 1.35937500e+00 1.35937500e+00 1.33593750e+00
 1.27343750e+00 1.21093750e+00 1.23437500e+00 1.10937500e+00
 1.25000000e+00 1.22656250e+00 8.55468750e-01 1.29687500e+00
 1.16406250e+00 1.29687500e+00 1.22656250e+00 1.33593750e+00
 1.24218750e+00 1.31250000e+00 1.07812500e+00 2.28515625e-01
 1.66992188e-01 3.22265625e-02 1.50756836e-02 7.32421875e-02
 1.04492188e-01 2.35595703e-02 3.05175781e-02 3.53515625e-01
 2.40234375e-01 5.70312500e-01 8.20312500e-01 1.12500000e+00
 8.59375000e-01 3.20312500e-01 1.27343750e+00 1.22656250e+00
 1.32812500e+00 1.35937500e+00 1.27343750e+00 1.37500000e+00
 1.32812500e+00 1.35156250e+00 1.35156250e+00 1.36718750e+00
 1.36718750e+00 1.30468750e+00 1.33593750e+00 1.21875000e+00
 1.29687500e+00 1.28125000e+00 1.32812500e+00 1.36718750e+00
 1.35156250e+00 1.32031250e+00 1.32031250e+00 1.35156250e+00
 1.35937500e+00 1.38281250e+00 1.38281250e+00 1.36718750e+00
 1.37500000e+00 1.32031250e+00 1.35156250e+00 1.26562500e+00
 1.32031250e+00 1.36718750e+00 1.37500000e+00 1.35156250e+00
 1.28125000e+00 1.38281250e+00 1.18750000e+00 1.37500000e+00
 1.21093750e+00 1.25781250e+00 1.29687500e+00 1.27343750e+00
 1.32812500e+00 1.17187500e+00 1.35937500e+00 1.37500000e+00
 1.26562500e+00 1.21093750e+00 1.32031250e+00 1.35937500e+00
 1.34375000e+00 1.30468750e+00 1.33593750e+00 1.33593750e+00
 1.37500000e+00 1.37500000e+00 1.35156250e+00 1.36718750e+00
 1.31250000e+00 1.37500000e+00 1.33593750e+00 1.35156250e+00
 1.35156250e+00 1.35156250e+00 1.38281250e+00 1.38281250e+00
 1.37500000e+00 1.32812500e+00 1.35937500e+00 1.32812500e+00
 1.37500000e+00 1.33593750e+00 1.37500000e+00 1.35937500e+00
 1.36718750e+00 1.35156250e+00 1.33593750e+00 1.36718750e+00
 1.38281250e+00 1.38281250e+00 1.28906250e+00 1.36718750e+00
 1.32031250e+00 1.35156250e+00 1.37500000e+00 1.32031250e+00
 1.34375000e+00 1.37500000e+00 1.35156250e+00 1.35937500e+00
 1.34375000e+00 1.31250000e+00 1.35156250e+00 1.36718750e+00
 1.32812500e+00 1.35156250e+00 1.36718750e+00 1.36718750e+00
 1.32812500e+00 1.30468750e+00 1.34375000e+00 1.30468750e+00
 1.17968750e+00 1.10937500e+00 1.34375000e+00 1.30468750e+00
 1.31250000e+00 1.31250000e+00 1.36718750e+00 1.34375000e+00
 1.27343750e+00 1.30468750e+00 1.35937500e+00 1.32031250e+00
 1.31250000e+00 1.27343750e+00 1.25781250e+00 1.34375000e+00
 1.30468750e+00 1.30468750e+00 1.05468750e+00 1.23437500e+00
 1.38281250e+00 1.35937500e+00 1.34375000e+00 1.29687500e+00
 1.34375000e+00 1.23437500e+00 1.05468750e+00 1.28125000e+00
 1.36718750e+00 1.29687500e+00 1.21093750e+00 1.24218750e+00
 1.17968750e+00 1.21875000e+00 1.21093750e+00 1.34375000e+00
 1.31250000e+00 1.38281250e+00 1.35156250e+00 1.30468750e+00
 1.34375000e+00 1.30468750e+00 1.20312500e+00 1.18750000e+00
 1.34375000e+00 1.30468750e+00 1.28125000e+00 1.37500000e+00
 1.35937500e+00 1.26562500e+00 1.22656250e+00 1.29687500e+00
 1.36718750e+00 1.26562500e+00 1.27343750e+00 1.33593750e+00
 1.32031250e+00 1.28125000e+00 1.28906250e+00 1.21875000e+00
 1.33593750e+00 1.29687500e+00 1.34375000e+00 1.31250000e+00
 1.33593750e+00 1.38281250e+00 1.35937500e+00 1.38281250e+00
 1.33593750e+00 1.28125000e+00 1.33593750e+00 1.14843750e+00
 1.34375000e+00 1.13281250e+00 1.33593750e+00 1.38281250e+00
 1.28125000e+00 1.37500000e+00 1.10937500e+00 1.33593750e+00
 1.32031250e+00 1.21093750e+00 1.15625000e+00 1.37500000e+00
 1.25781250e+00 1.28125000e+00 1.38281250e+00 1.31250000e+00
 1.30468750e+00 1.35937500e+00 1.29687500e+00 1.36718750e+00
 1.35156250e+00 1.29687500e+00 1.34375000e+00]"
dnaA_revcomp	ATCGTTTACACTTAGCGAGTTCTGGAAAGTCCTGTGGATAAATCGGGAAAATCTGTGAGAAACAGAAGATCTCTTGCGCAGTTTAGGCTATGATCCGCGGTCCCGATCGTTTTGCAGGATCTTGATCGGGCATATAACCGCAGACAGCGGTTCGTGCGTCACCCTCAAGCAGGGTCTTTTCGACGTACGTCAACAATCATGAATGTTTCAGCCTTAGTCATTATCGACTTTTGTTCGAGTGGAGTCCGCCGTGTCACTTTCGCTTTGGCAGCAGTGTCTTGCCCGATTGCAGGATGAGTTACCAGCCACAGAATTCAGTATGTGGATACGCCCATTGCAGGCGGAACTGAGCGATAACACGCTGGCCCTGTACGCGCCAAACCGTTTTGTCCTCGATTGGGTACGGGACAAGTACCTTAATAATATCAATGGACTGCTAACCAGTTTCTGCGGAGCGGATGCCCCACAGCTGCGTTTTGAAGTCGGCACCAAACCGGTGACGCAAACGCCACAAGCGGCAGTGACGAGCAACGTCGCGGCCCCTGCACAGGTGGCGCAAACGCAGCCGCAACGTGCTGCGCCTTCTACGCGCTCAGGTTGGGATAACGTCCCGGCCCCGGCAGAACCGACCTATCGTTCTAACGTAAACGTCAAACACACGTTTGATAACTTCGTTGAAGGTAAATCTAACCAACTGGCGCGCGCGGCGGCTCGCCAGGTGGCGGATAACCCTGGCGGTGCCTATAACCCGTTGTTCCTTTATGGCGGCACGGGTCTGGGTAAAACTCACCTGCTGCATGCGGTGGGTAACGGCATTATGGCGCGCAAGCCGAATGCCAAAGTGGTTTATATGCACTCCGAGCGCTTTGTTCAGGACATGGTTAAAGCCCTGCAAAACAACGCGATCGAAGAGTTTAAACGCTACTACCGTTCCGTAGATGCACTGCTGATCGACGATATTCAGTTTTTTGCTAATAAAGAACGATCTCAGGAAGAGTTTTTCCACACCTTCAACGCCCTGCTGGAAGGTAATCAACAGATCATTCTCACCTCGGATCGCTATCCGAAAGAGATCAACGGCGTTGAGGATCGTTTGAAATCCCGCTTCGGTTGGGGACTGACTGTGGCGATCGAACCGCCAGAGCTGGAAACCCGTGTGGCGATCCTGATGAAAAAGGCCGACGAAAACGACATTCGTTTGCCGGGCGAAGTGGCGTTCTTTATCGCCAAGCGTCTACGATCTAACGTACGTGAGCTGGAAGGGGCGCTGAACCGCGTCATTGCCAATGCCAACTTTACCGGACGGGCGATCACCATCGACTTCGTGCGTGAGGCGCTGCGCGACTTGCTGGCATTGCAGGAAAAACTGGTCACCATCGACAATATTCAGAAGACGGTGGCGGAGTACTACAAGATCAAAGTCGCGGATCTCCTTTCCAAGCGTCGATCCCGCTCGGTGGCGCGTCCGCGCCAGATGGCGATGGCGCTGGCGAAAGAGCTGACTAACCACAGTCTGCCGGAGATTGGCGATGCGTTTGGTGGCCGTGACCACACGACGGTGCTTCATGCCTGCCGTAAGATCGAGCAGTTGCGTGAAGAGAGCCACGATATCAAAGAAGATTTTTCAAATTTAATCAGAACATTGTCATCGTAAACCTATGAAATTTACCGTAGAACGTGAGCATTTATTAAAACCGCTACAACAGGTGAGCGGTCCGTTAGGTGGTCGTCCTACGCTACCGATTCTCGGTAATCTGCTGTTACAGGTTGCTGACGGTACGTTGTCGCTGACCGGTACTGATCTCGAGATGGAAATGGTGGCACGTGTTGCGCTGGTTCAGCCACACGAGCCAGGAGCGACGACCGTTCCGGCGCGCAAATTCTTTGATATCTGCCGTGGTCTG	"[1.3593750e+00 1.3750000e+00 1.3828125e+00 ... 6.9531250e-01 5.9890747e-04
 4.5703125e-01]"
